timestamp,ahwx,ahwy,ahwz,ahv,awx,awy,awz,av,lat,lon,speed_kmh,altitudeMM,hdop,satellites,ageMs,fix_valid
2026-09-20 10:34:50,0.0585,0.0238,0.0330,0.0713,0.0000,0.0000,0.0000,0.0000,-6.867576,107.538755,0.00,777900,2.40,9,1,1
2026-09-20 10:34:51,0.0179,0.0204,0.0230,0.0356,3.4705,2.7599,1.0549,6.2968,-6.867576,107.538756,0.00,777900,2.40,9,52,1
2026-09-20 10:34:52,0.0202,0.0177,0.0230,0.0354,1.3594,1.0938,0.3501,2.4677,-6.867575,107.538757,0.00,777900,2.40,9,54,1
2026-09-20 10:34:53,0.0164,0.0198,0.0225,0.0342,1.3214,1.0353,0.3037,2.3697,-6.867575,107.538757,0.00,777900,2.40,9,52,1
2026-09-20 10:34:54,0.0157,0.0205,0.0241,0.0353,0.4940,0.3864,0.1106,0.8850,-6.867575,107.538758,0.00,777900,2.40,9,1,1
2026-09-20 10:34:55,0.0000,0.0000,0.0000,0.0000,0.0702,0.0550,0.0393,0.1309,-6.867574,107.538758,0.00,777900,2.40,9,1,1
2026-09-20 10:34:56,0.0178,0.0184,0.0237,0.0349,0.0673,0.0509,0.0369,0.1237,-6.867574,107.538759,0.00,777800,2.40,9,53,1
2026-09-20 10:34:57,0.0172,0.0202,0.0232,0.0353,0.0409,0.0384,0.0397,0.0880,-6.867573,107.538760,0.00,777800,2.40,9,52,1
2026-09-20 10:34:58,0.0163,0.0209,0.0204,0.0334,0.0103,0.0101,0.0285,0.0349,-6.867572,107.538760,0.00,777800,2.40,9,1,1
2026-09-20 10:34:59,0.0166,0.0170,0.0202,0.0311,0.0070,0.0082,0.0318,0.0352,-6.867572,107.538761,0.00,777800,2.40,9,53,1
2026-09-20 10:35:00,0.0176,0.0189,0.0240,0.0352,0.0101,0.0103,0.0388,0.0438,-6.867571,107.538761,0.00,777800,2.40,9,52,1
2026-09-20 10:35:01,0.0175,0.0212,0.0201,0.0341,0.0096,0.0087,0.0305,0.0355,-6.867570,107.538762,0.00,777800,2.40,9,1,1
2026-09-20 10:35:02,0.0171,0.0179,0.0208,0.0323,0.0075,0.0069,0.0344,0.0373,-6.867570,107.538763,0.00,777800,2.40,9,1,1
2026-09-20 10:35:03,0.0181,0.0182,0.0222,0.0339,0.0094,0.0099,0.0347,0.0396,-6.867569,107.538763,0.00,777800,2.40,9,53,1
2026-09-20 10:35:04,0.0192,0.0191,0.0219,0.0349,0.0066,0.0056,0.0312,0.0335,-6.867569,107.538764,0.00,777800,2.40,9,52,1
2026-09-20 10:35:05,0.0177,0.0211,0.0214,0.0349,0.0098,0.0108,0.0369,0.0421,-6.867568,107.538764,0.00,777700,2.40,9,1,1
2026-09-20 10:35:06,0.0176,0.0175,0.0213,0.0327,0.0165,0.0106,0.0403,0.0488,-6.867567,107.538765,0.00,777700,2.40,9,1,1
2026-09-20 10:35:07,0.0186,0.0185,0.0210,0.0336,0.0116,0.0118,0.0337,0.0409,-6.867566,107.538765,0.00,777700,2.40,9,53,1
2026-09-20 10:35:08,0.0170,0.0189,0.0239,0.0349,0.0101,0.0110,0.0367,0.0422,-6.867566,107.538765,0.00,777700,2.40,9,1,1
2026-09-20 10:35:09,0.0000,0.0000,0.0000,0.0000,0.0143,0.0113,0.0355,0.0437,-6.867565,107.538766,0.00,777700,2.40,9,1,1
2026-09-20 10:35:10,0.0186,0.0203,0.0218,0.0351,0.0222,0.0112,0.0332,0.0481,-6.867565,107.538766,0.00,777700,2.40,9,1,1
2026-09-20 10:35:11,0.0173,0.0199,0.0215,0.0340,0.0156,0.0129,0.0429,0.0514,-6.867564,107.538766,0.00,777700,2.40,9,1,1
2026-09-20 10:35:12,0.0156,0.0182,0.0229,0.0331,0.0077,0.0141,0.0290,0.0366,-6.867564,107.538767,0.00,777700,2.40,9,52,1
2026-09-20 10:35:13,0.0199,0.0200,0.0261,0.0384,0.0177,0.0089,0.0303,0.0411,-6.867563,107.538767,0.00,777700,2.40,9,1,1
2026-09-20 10:35:14,0.0158,0.0185,0.0224,0.0330,0.0169,0.0154,0.0293,0.0434,-6.867563,107.538768,0.00,777800,2.40,9,1,1
2026-09-20 10:35:15,0.0169,0.0196,0.0233,0.0348,0.0138,0.0127,0.0267,0.0375,-6.867562,107.538768,0.00,777800,2.40,9,1,1
2026-09-20 10:35:16,0.0160,0.0199,0.0223,0.0339,0.0138,0.0179,0.0383,0.0497,-6.867561,107.538768,0.00,777800,2.40,9,53,1
2026-09-20 10:35:17,0.0181,0.0184,0.0243,0.0354,0.0106,0.0170,0.0385,0.0477,-6.867561,107.538769,0.00,777800,2.40,9,52,1
2026-09-20 10:35:18,0.0175,0.0192,0.0243,0.0356,0.0198,0.0102,0.0382,0.0493,-6.867561,107.538769,0.00,777800,2.40,9,1,1
2026-09-20 10:35:19,0.0183,0.0197,0.0214,0.0343,0.0194,0.0127,0.0422,0.0532,-6.867560,107.538770,0.00,777800,2.40,9,0,1
2026-09-20 10:35:20,0.0167,0.0192,0.0206,0.0328,0.0125,0.0135,0.0415,0.0488,-6.867560,107.538770,0.00,777800,2.40,9,52,1
2026-09-20 10:35:21,0.0180,0.0194,0.0223,0.0346,0.0069,0.0063,0.0179,0.0222,-6.867560,107.538770,0.00,777800,2.40,9,52,1
2026-09-20 10:35:22,0.0000,0.0000,0.0000,0.0000,0.0075,0.0093,0.0195,0.0257,-6.867560,107.538771,0.00,777800,2.40,9,1,1
2026-09-20 10:35:23,0.0177,0.0203,0.0199,0.0335,0.0051,0.0055,0.0212,0.0237,-6.867560,107.538771,0.00,777800,2.40,9,1,1
2026-09-20 10:35:24,0.0174,0.0203,0.0210,0.0340,0.0076,0.0063,0.0208,0.0250,-6.867559,107.538772,0.00,777800,2.40,9,53,1
2026-09-20 10:35:25,0.0207,0.0195,0.0216,0.0357,0.0064,0.0061,0.0179,0.0218,-6.867558,107.538773,0.00,777800,2.40,9,1,1
2026-09-20 10:35:26,0.0167,0.0192,0.0225,0.0340,0.0054,0.0040,0.0198,0.0219,-6.867558,107.538773,0.00,777800,2.40,9,1,1
2026-09-20 10:35:27,0.0195,0.0203,0.0246,0.0373,0.0065,0.0044,0.0202,0.0230,-6.867555,107.538778,0.15,777500,2.40,9,52,1
2026-09-20 10:35:28,0.0167,0.0185,0.0254,0.0355,0.0084,0.0130,0.0182,0.0283,-6.867555,107.538782,0.22,777500,2.40,9,1,1
2026-09-20 10:35:29,0.0179,0.0188,0.0263,0.0370,0.0050,0.0070,0.0223,0.0253,-6.867554,107.538782,0.00,777300,2.40,9,1,1
2026-09-20 10:35:30,0.0180,0.0184,0.0210,0.0332,0.0043,0.0070,0.0210,0.0240,-6.867553,107.538783,0.00,777300,2.40,9,53,1
2026-09-20 10:35:31,0.0189,0.0185,0.0211,0.0338,0.0070,0.0048,0.0175,0.0211,-6.867552,107.538784,0.00,777300,2.40,9,52,1
2026-09-20 10:35:32,0.0194,0.0187,0.0250,0.0367,0.0059,0.0059,0.0249,0.0275,-6.867551,107.538785,0.00,777300,2.40,9,1,1
2026-09-20 10:35:33,0.0191,0.0184,0.0225,0.0348,0.0053,0.0057,0.0165,0.0197,-6.867550,107.538785,0.00,777300,2.40,9,53,1
2026-09-20 10:35:34,0.0175,0.0183,0.0213,0.0331,0.0048,0.0058,0.0181,0.0210,-6.867550,107.538786,0.00,777400,2.40,9,52,1
2026-09-20 10:35:35,0.0000,0.0000,0.0000,0.0000,0.0062,0.0079,0.0207,0.0250,-6.867549,107.538786,0.00,777400,2.40,9,1,1
2026-09-20 10:35:36,0.0180,0.0199,0.0205,0.0338,0.0059,0.0077,0.0210,0.0250,-6.867548,107.538787,0.00,777400,2.40,9,53,1
2026-09-20 10:35:37,0.0157,0.0180,0.0221,0.0326,0.0125,0.0133,0.0362,0.0443,-6.867548,107.538787,0.00,777400,2.40,9,52,1
2026-09-20 10:35:38,0.0212,0.0204,0.0199,0.0355,0.0124,0.0197,0.0523,0.0616,-6.867546,107.538790,0.15,777300,2.40,9,1,1
2026-09-20 10:35:39,0.0177,0.0196,0.0238,0.0356,0.0071,0.0129,0.0215,0.0297,-6.867543,107.538792,0.19,777400,2.40,9,52,1
2026-09-20 10:35:40,0.0190,0.0208,0.0221,0.0358,0.0132,0.0174,0.0582,0.0658,-6.867540,107.538794,0.20,778000,2.40,9,1,1
2026-09-20 10:35:41,0.0202,0.0292,0.0297,0.0463,0.0205,0.0215,0.0676,0.0793,-6.867538,107.538794,0.00,777900,2.40,9,1,1
